Layer Name,Op Type,Inputs,Outputs
tf_op_layer_Sum/Sum_reduce_min,ReduceSum,"image_input['None', 3, 48, 96]","tf_op_layer_Sum/Sum:0['None', 1, 48, 96]"
conv1,Conv,"tf_op_layer_Sum/Sum:0['None', 1, 48, 96], conv1_W_newUnknown, conv1_B_newUnknown","convolution_output20['None', 64, 48, 96]"
re_lu_clip,Clip,"convolution_output20['None', 64, 48, 96], clip_min16Unknown","re_lu/Relu:0['None', 64, 48, 96]"
re_lu/Relu:0_pooling,MaxPool,"re_lu/Relu:0['None', 64, 48, 96]","re_lu/Relu:0_pooling0['None', 64, 48, 96]"
res2a_branch1,Conv,"re_lu/Relu:0_pooling0['None', 64, 48, 96], res2a_branch1_W_newUnknown, res2a_branch1_B_newUnknown","convolution_output16['None', 64, 48, 96]"
res2a_branch2a,Conv,"re_lu/Relu:0_pooling0['None', 64, 48, 96], res2a_branch2a_W_newUnknown, res2a_branch2a_B_newUnknown","convolution_output19['None', 64, 48, 96]"
re_lu_1_clip,Clip,"convolution_output19['None', 64, 48, 96], clip_min15Unknown","re_lu_1/Relu:0['None', 64, 48, 96]"
res2a_branch2b,Conv,"re_lu_1/Relu:0['None', 64, 48, 96], res2a_branch2b_W_newUnknown, res2a_branch2b_B_newUnknown","convolution_output17['None', 64, 48, 96]"
tf_op_layer_add/add,Add,"convolution_output16['None', 64, 48, 96], convolution_output17['None', 64, 48, 96]","tf_op_layer_add/add:0['None', 64, 48, 96]"
re_lu_2_clip,Clip,"tf_op_layer_add/add:0['None', 64, 48, 96], clip_min13Unknown","re_lu_2/Relu:0['None', 64, 48, 96]"
res2b_branch2a,Conv,"re_lu_2/Relu:0['None', 64, 48, 96], res2b_branch2a_W_newUnknown, res2b_branch2a_B_newUnknown","convolution_output18['None', 64, 48, 96]"
re_lu_3_clip,Clip,"convolution_output18['None', 64, 48, 96], clip_min14Unknown","re_lu_3/Relu:0['None', 64, 48, 96]"
res2b_branch2b,Conv,"re_lu_3/Relu:0['None', 64, 48, 96], res2b_branch2b_W_newUnknown, res2b_branch2b_B_newUnknown","convolution_output15['None', 64, 48, 96]"
tf_op_layer_add_1/add_1,Add,"re_lu_2/Relu:0['None', 64, 48, 96], convolution_output15['None', 64, 48, 96]","tf_op_layer_add_1/add_1:0['None', 64, 48, 96]"
re_lu_4_clip,Clip,"tf_op_layer_add_1/add_1:0['None', 64, 48, 96], clip_min11Unknown","re_lu_4/Relu:0['None', 64, 48, 96]"
res3a_branch1,Conv,"re_lu_4/Relu:0['None', 64, 48, 96], res3a_branch1_W_newUnknown, res3a_branch1_B_newUnknown","convolution_output11['None', 128, 24, 48]"
res3a_branch2a,Conv,"re_lu_4/Relu:0['None', 64, 48, 96], res3a_branch2a_W_newUnknown, res3a_branch2a_B_newUnknown","convolution_output14['None', 128, 24, 48]"
re_lu_5_clip,Clip,"convolution_output14['None', 128, 24, 48], clip_min12Unknown","re_lu_5/Relu:0['None', 128, 24, 48]"
res3a_branch2b,Conv,"re_lu_5/Relu:0['None', 128, 24, 48], res3a_branch2b_W_newUnknown, res3a_branch2b_B_newUnknown","convolution_output12['None', 128, 24, 48]"
tf_op_layer_add_2/add_2,Add,"convolution_output11['None', 128, 24, 48], convolution_output12['None', 128, 24, 48]","tf_op_layer_add_2/add_2:0['None', 128, 24, 48]"
re_lu_6_clip,Clip,"tf_op_layer_add_2/add_2:0['None', 128, 24, 48], clip_min9Unknown","re_lu_6/Relu:0['None', 128, 24, 48]"
res3b_branch2a,Conv,"re_lu_6/Relu:0['None', 128, 24, 48], res3b_branch2a_W_newUnknown, res3b_branch2a_B_newUnknown","convolution_output13['None', 128, 24, 48]"
re_lu_7_clip,Clip,"convolution_output13['None', 128, 24, 48], clip_min10Unknown","re_lu_7/Relu:0['None', 128, 24, 48]"
res3b_branch2b,Conv,"re_lu_7/Relu:0['None', 128, 24, 48], res3b_branch2b_W_newUnknown, res3b_branch2b_B_newUnknown","convolution_output10['None', 128, 24, 48]"
tf_op_layer_add_3/add_3,Add,"re_lu_6/Relu:0['None', 128, 24, 48], convolution_output10['None', 128, 24, 48]","tf_op_layer_add_3/add_3:0['None', 128, 24, 48]"
re_lu_8_clip,Clip,"tf_op_layer_add_3/add_3:0['None', 128, 24, 48], clip_min7Unknown","re_lu_8/Relu:0['None', 128, 24, 48]"
res4a_branch1,Conv,"re_lu_8/Relu:0['None', 128, 24, 48], res4a_branch1_W_newUnknown, res4a_branch1_B_newUnknown","convolution_output6['None', 256, 12, 24]"
res4a_branch2a,Conv,"re_lu_8/Relu:0['None', 128, 24, 48], res4a_branch2a_W_newUnknown, res4a_branch2a_B_newUnknown","convolution_output9['None', 256, 12, 24]"
re_lu_9_clip,Clip,"convolution_output9['None', 256, 12, 24], clip_min8Unknown","re_lu_9/Relu:0['None', 256, 12, 24]"
res4a_branch2b,Conv,"re_lu_9/Relu:0['None', 256, 12, 24], res4a_branch2b_W_newUnknown, res4a_branch2b_B_newUnknown","convolution_output7['None', 256, 12, 24]"
tf_op_layer_add_4/add_4,Add,"convolution_output6['None', 256, 12, 24], convolution_output7['None', 256, 12, 24]","tf_op_layer_add_4/add_4:0['None', 256, 12, 24]"
re_lu_10_clip,Clip,"tf_op_layer_add_4/add_4:0['None', 256, 12, 24], clip_min5Unknown","re_lu_10/Relu:0['None', 256, 12, 24]"
res4b_branch2a,Conv,"re_lu_10/Relu:0['None', 256, 12, 24], res4b_branch2a_W_newUnknown, res4b_branch2a_B_newUnknown","convolution_output8['None', 256, 12, 24]"
re_lu_11_clip,Clip,"convolution_output8['None', 256, 12, 24], clip_min6Unknown","re_lu_11/Relu:0['None', 256, 12, 24]"
res4b_branch2b,Conv,"re_lu_11/Relu:0['None', 256, 12, 24], res4b_branch2b_W_newUnknown, res4b_branch2b_B_newUnknown","convolution_output5['None', 256, 12, 24]"
tf_op_layer_add_5/add_5,Add,"re_lu_10/Relu:0['None', 256, 12, 24], convolution_output5['None', 256, 12, 24]","tf_op_layer_add_5/add_5:0['None', 256, 12, 24]"
re_lu_12_clip,Clip,"tf_op_layer_add_5/add_5:0['None', 256, 12, 24], clip_min3Unknown","re_lu_12/Relu:0['None', 256, 12, 24]"
res5a_branch1,Conv,"re_lu_12/Relu:0['None', 256, 12, 24], res5a_branch1_W_newUnknown, res5a_branch1_B_newUnknown","convolution_output1['None', 300, 12, 24]"
res5a_branch2a,Conv,"re_lu_12/Relu:0['None', 256, 12, 24], res5a_branch2a_W_newUnknown, res5a_branch2a_B_newUnknown","convolution_output4['None', 300, 12, 24]"
re_lu_13_clip,Clip,"convolution_output4['None', 300, 12, 24], clip_min4Unknown","re_lu_13/Relu:0['None', 300, 12, 24]"
res5a_branch2b,Conv,"re_lu_13/Relu:0['None', 300, 12, 24], res5a_branch2b_W_newUnknown, res5a_branch2b_B_newUnknown","convolution_output2['None', 300, 12, 24]"
tf_op_layer_add_6/add_6,Add,"convolution_output1['None', 300, 12, 24], convolution_output2['None', 300, 12, 24]","tf_op_layer_add_6/add_6:0['None', 300, 12, 24]"
re_lu_14_clip,Clip,"tf_op_layer_add_6/add_6:0['None', 300, 12, 24], clip_min1Unknown","re_lu_14/Relu:0['None', 300, 12, 24]"
res5b_branch2a,Conv,"re_lu_14/Relu:0['None', 300, 12, 24], res5b_branch2a_W_newUnknown, res5b_branch2a_B_newUnknown","convolution_output3['None', 300, 12, 24]"
re_lu_15_clip,Clip,"convolution_output3['None', 300, 12, 24], clip_min2Unknown","re_lu_15/Relu:0['None', 300, 12, 24]"
res5b_branch2b,Conv,"re_lu_15/Relu:0['None', 300, 12, 24], res5b_branch2b_W_newUnknown, res5b_branch2b_B_newUnknown","convolution_output['None', 300, 12, 24]"
tf_op_layer_add_7/add_7,Add,"re_lu_14/Relu:0['None', 300, 12, 24], convolution_output['None', 300, 12, 24]","tf_op_layer_add_7/add_7:0['None', 300, 12, 24]"
re_lu_16_clip,Clip,"tf_op_layer_add_7/add_7:0['None', 300, 12, 24], clip_minUnknown","re_lu_16/Relu:0['None', 300, 12, 24]"
Transpose2,Transpose,"re_lu_16/Relu:0['None', 300, 12, 24]","permute_feature/transpose:0['None', 24, 12, 300]"
flatten_feature,Reshape,"permute_feature/transpose:0['None', 24, 12, 300], shape_tensor2Unknown","flatten_feature/Reshape:0['None', 24, 3600]"
Transpose,Transpose,"flatten_feature/Reshape:0['None', 24, 3600]","lstm_X[24, 'None', 3600]"
lstm,LSTM,"lstm_X[24, 'None', 3600], lstm_WUnknown, lstm_RUnknown, lstm_BUnknown, Unknown, Unknown, Unknown, Unknown","lstm_Y[24, 1, 'None', 512], lstm_Y_h[1, 'None', 512], lstm_Y_c[1, 'None', 512]"
Squeeze,Squeeze,"lstm_Y[24, 1, 'None', 512]","lstm_y_squeezed[24, 'None', 512]"
Transpose1,Transpose,"lstm_y_squeezed[24, 'None', 512]","lstm/transpose_1:0['None', 24, 512]"
td_dense_reshape_0,Reshape,"lstm/transpose_1:0['None', 24, 512], shape_tensorUnknown","lstm/transpose_1_reshape_0:0['None', 512]"
dense,MatMul,"lstm/transpose_1_reshape_0:0['None', 512], td_dense/kernel:0Unknown","dense0['None', 36]"
Add,Add,"dense0['None', 36], td_dense/bias:0Unknown","biased_tensor_name['None', 36]"
td_dense_reshape_1,Reshape,"biased_tensor_name['None', 36], shape_tensor1Unknown","td_dense/Reshape_1:0['None', 24, 36]"
softmax,Softmax,"td_dense/Reshape_1:0['None', 24, 36]","softmax/Softmax:0['None', 24, 36]"
ArgMax_argmax,ArgMax,"softmax/Softmax:0['None', 24, 36]","ori_output_id['None', 24]"
Max_reduce_min,ReduceMax,"softmax/Softmax:0['None', 24, 36]","tf_op_layer_Max['None', 24]"
cast_output_id,Cast,"ori_output_id['None', 24]","tf_op_layer_ArgMax['None', 24]"
